,Word,Seq_num,Word Count,Word Proportion,Average Proportion,Std Dev,Doc Count,Negative,Positive,Uncertainty,Litigious,Strong_Modal,Weak_Modal,Constraining,Syllables,Source
125,ABLE,126,4888882,0.000214072279147,0.0002084159241991,0.000300644226261,725330,0,2009,0,0,0,0,0,2,12of12inf
336,ABUNDANCE,337,8438,3.694795438799079e-07,3.733143225307346e-07,8.763392438651458e-06,6688,0,2009,0,0,0,0,0,3,12of12inf
338,ABUNDANT,339,12804,5.606560891014862e-07,5.145855113854633e-07,9.323248565438184e-06,9354,0,2009,0,0,0,0,0,3,12of12inf
438,ACCLAIMED,439,2296,1.005362683987045e-07,9.100193916087433e-08,3.3781600368825613e-06,1703,0,2009,0,0,0,0,0,2,12of12inf
477,ACCOMPLISH,478,191204,8.372359173739501e-06,8.782697413232984e-06,4.310887310670999e-05,128370,0,2009,0,0,0,0,0,3,12of12inf
478,ACCOMPLISHED,479,160954,7.0477850800719e-06,8.041941964452492e-06,4.150211413760238e-05,111361,0,2009,0,0,0,0,0,3,12of12inf
479,ACCOMPLISHES,480,5409,2.368469842197703e-07,3.086938262549314e-07,9.965089243472387e-06,4743,0,2009,0,0,0,0,0,4,12of12inf
480,ACCOMPLISHING,481,28043,1.2279349192965463e-06,2.0152624102432456e-06,2.0349885553783855e-05,23945,0,2009,0,0,0,0,0,4,12of12inf
481,ACCOMPLISHMENT,482,20232,8.859101839035667e-07,6.400171993627188e-07,1.1038904953433988e-05,14104,0,2009,0,0,0,0,0,4,12of12inf
482,ACCOMPLISHMENTS,483,20317,8.896321276378394e-07,6.980262309671797e-07,9.934814819496418e-06,14805,0,2009,0,0,0,0,0,4,12of12inf
620,ACHIEVE,621,1838380,8.049819908484772e-05,7.6453585419729e-05,0.0001420965687777,516777,0,2009,0,0,0,0,0,2,12of12inf
622,ACHIEVED,623,1039780,4.5529443012023066e-05,4.713663820219534e-05,0.0001078928834318,417912,0,2009,0,0,0,0,0,2,12of12inf
623,ACHIEVEMENT,624,736809,3.2263078128301855e-05,2.3747706749066637e-05,9.192604348231288e-05,215022,0,2009,0,0,0,0,0,3,12of12inf
624,ACHIEVEMENTS,625,311974,1.3660584406540696e-05,2.221173012879029e-05,8.157447170201392e-05,170416,0,2009,0,0,0,0,0,3,12of12inf
627,ACHIEVES,628,83335,3.649037424654198e-06,3.468536860864295e-06,2.6034937270912797e-05,52615,0,2009,0,0,0,0,0,2,12of12inf
628,ACHIEVING,629,600356,2.628813238274069e-05,2.8305260293727376e-05,7.037394464412765e-05,330443,0,2009,0,0,0,0,0,3,12of12inf
906,ADEQUATELY,907,621676,2.7221683446442956e-05,2.2826585948147117e-05,6.25593255350427e-05,282097,0,2009,0,0,0,0,0,4,12of12inf
1137,ADVANCEMENT,1138,177380,7.767039759826743e-06,5.10371435460625e-06,3.948208592994483e-05,62839,0,2009,0,0,0,0,0,3,12of12inf
1138,ADVANCEMENTS,1139,40874,1.7897732728783308e-06,1.8188353223485264e-06,1.814835492820484e-05,30777,0,2009,0,0,0,0,0,3,12of12inf
1139,ADVANCES,1140,3566313,0.0001561601920565,0.0001680638095929,0.0004002063216052,520768,0,2009,0,0,0,0,0,3,12of12inf
1140,ADVANCING,1141,79982,3.50221769123048e-06,2.817411769360354e-06,2.4800207577222023e-05,44418,0,2009,0,0,0,0,0,3,12of12inf
1141,ADVANTAGE,1142,863392,3.7805840524953954e-05,3.246135831604836e-05,0.0001032257877618,336196,0,2009,0,0,0,0,0,3,12of12inf
1142,ADVANTAGED,1143,22775,9.97261982918334e-07,8.765934588987912e-07,1.5909691842754824e-05,12022,0,2009,0,0,0,0,0,3,12of12inf
1143,ADVANTAGEOUS,1144,145696,6.379674285983297e-06,5.686610219888223e-06,2.6053806927422304e-05,107558,0,2009,0,0,0,0,0,4,12of12inf
1144,ADVANTAGEOUSLY,1145,3860,1.690200331093203e-07,8.09463016333522e-08,2.548454283372606e-06,3256,0,2009,0,0,0,0,0,5,12of12inf
1145,ADVANTAGES,1146,307229,1.3452812371021595e-05,1.2148504069168277e-05,4.639066115207891e-05,162901,0,2009,0,0,0,0,0,4,12of12inf
1893,ALLIANCE,1894,420597,1.8416921985927666e-05,1.6819836024215618e-05,0.0001591560472038,92282,0,2009,0,0,0,0,0,3,12of12inf
1894,ALLIANCES,1895,271244,1.1877116544223956e-05,1.181025255439836e-05,6.408284976819445e-05,112593,0,2009,0,0,0,0,0,4,12of12inf
4090,ASSURE,4091,894172,3.915362203249407e-05,3.1337371534644164e-05,9.511308061645974e-05,294309,0,2009,0,0,0,0,0,2,12of12inf
4091,ASSURED,4092,417957,1.830132279229849e-05,1.9490178898223595e-05,6.3050048541155e-05,225541,0,2009,0,0,0,0,0,2,12of12inf
4094,ASSURES,4095,10701,4.685708223582478e-07,3.506872337548607e-07,6.448640057824e-06,8626,0,2009,0,0,0,0,0,2,12of12inf
4095,ASSURING,4096,42228,1.849061647186626e-06,1.0074868058644608e-06,1.0579902598551869e-05,30807,0,2009,0,0,0,0,0,3,12of12inf
4270,ATTAIN,4271,119149,5.217245576409949e-06,7.43999752212743e-06,4.714372695775033e-05,83811,0,2009,0,0,0,0,0,2,12of12inf
4276,ATTAINED,4277,160796,7.040866643483488e-06,6.098739735588898e-06,3.586333146259263e-05,81906,0,2009,0,0,0,0,0,2,12of12inf
4277,ATTAINING,4278,75685,3.3140624885696644e-06,3.1810549875398986e-06,2.6041702129718763e-05,45226,0,2009,0,0,0,0,0,3,12of12inf
4278,ATTAINMENT,4279,223021,9.76554839483775e-06,6.840612586830344e-06,3.855410885810616e-05,88476,0,2009,0,0,0,0,0,3,12of12inf
4279,ATTAINMENTS,4280,200,8.757514668876698e-09,4.742128115344882e-09,5.77230586856823e-07,144,0,2009,0,0,0,0,0,3,12of12inf
4280,ATTAINS,4281,54469,2.3850653324952244e-06,1.269579724691398e-06,1.5708645291360266e-05,18399,0,2009,0,0,0,0,0,2,12of12inf
4342,ATTRACTIVE,4343,474509,2.0777597640070063e-05,1.5869718022933967e-05,5.151121938387806e-05,205757,0,2009,0,0,0,0,0,3,12of12inf
4344,ATTRACTIVENESS,4345,42844,1.8760347923667664e-06,1.3764330488745923e-06,1.2032683141790318e-05,32715,0,2009,0,0,0,0,0,4,12of12inf
5942,BEAUTIFUL,5943,3771,1.6512293908167018e-07,1.891893906858665e-07,7.441073856845766e-06,2292,0,2009,0,0,0,0,0,3,12of12inf
5943,BEAUTIFULLY,5944,312,1.3661722883447649e-08,1.8619588513634805e-08,2.2429933962319474e-06,254,0,2009,0,0,0,0,0,4,12of12inf
6375,BENEFICIAL,6376,3302392,0.0001446037319119,0.0001430575856571,0.0003935580151457,505706,0,-2020,0,2020,0,0,0,4,12of12inf
6376,BENEFICIALLY,6377,882978,3.866346393647704e-05,3.54643140025008e-05,0.0001449309173309,257311,0,2009,0,0,0,0,0,5,12of12inf
6381,BENEFIT,6382,13856744,0.0006067531942143,0.0004308340978323,0.0005753517659943,829634,0,-2020,0,0,0,0,0,3,12of12inf
6382,BENEFITED,6383,193304,8.464313077762707e-06,8.566949570633987e-06,4.77472183453353e-05,101618,0,2009,0,0,0,0,0,4,12of12inf
6383,BENEFITING,6384,41698,1.8258542333141028e-06,1.4330464739658378e-06,1.4463925992186607e-05,28957,0,2009,0,0,0,0,0,4,12of12inf
6385,BENEFITTED,6386,26449,1.1581375273855989e-06,1.158217901713731e-06,1.8183219505252152e-05,13910,0,2009,0,0,0,0,0,4,12of12inf
6386,BENEFITTING,6387,6517,2.853636154853472e-07,2.306363440546753e-07,5.9477429321568384e-06,4932,0,2009,0,0,0,0,0,4,12of12inf
6504,BEST,6505,2996838,0.0001312242637262,0.000136631161828,0.0002318866263293,715402,0,2012,0,0,2009,0,0,1,12of12inf
6578,BETTER,6579,888289,3.889601973850907e-05,3.4990688902700655e-05,8.728332109853156e-05,369144,0,2009,0,0,0,0,0,2,12of12inf
7904,BOLSTERED,7905,5562,2.4354648294146095e-07,2.6574479612655496e-07,6.283559301287284e-06,4758,0,2009,0,0,0,0,0,2,12of12inf
7905,BOLSTERING,7906,1748,7.654067820598235e-08,6.673184589121225e-08,2.8113659131004977e-06,1517,0,2009,0,0,0,0,0,3,12of12inf
7906,BOLSTERS,7907,1149,5.031192177269663e-08,3.2457731322162055e-08,1.8614619079747592e-06,844,0,2009,0,0,0,0,0,2,12of12inf
8081,BOOM,8082,16602,7.269612926634547e-07,6.546645684937251e-07,2.1484481016909195e-05,6562,0,2009,0,0,0,0,0,1,12of12inf
8091,BOOMING,8092,1428,6.252865473577962e-08,8.2954041410251e-08,3.5514756480524864e-06,1196,0,2009,0,0,0,0,0,2,12of12inf
8110,BOOST,8111,21538,9.430967546913316e-07,9.818033360093533e-07,1.7392758256104232e-05,13859,0,2009,0,0,0,0,0,1,12of12inf
8111,BOOSTED,8112,7171,3.140006884525741e-07,4.456447134174625e-07,9.90727917199476e-06,5140,0,2009,0,0,0,0,0,2,12of12inf
8630,BREAKTHROUGH,8631,41965,1.8375455153970533e-06,1.0443490187334097e-06,1.8456648159249885e-05,12254,0,2009,0,0,0,0,0,2,12of12inf
8631,BREAKTHROUGHS,8632,4756,2.082536988258879e-07,1.757739977033727e-07,4.368309573060257e-06,3924,0,2009,0,0,0,0,0,2,12of12inf
8807,BRILLIANT,8808,6098,2.6701662225405053e-07,2.653986130300121e-07,2.012172339399949e-05,1376,0,2009,0,0,0,0,0,2,12of12inf
11792,CHARITABLE,11793,173461,7.595436259890105e-06,4.981772510469248e-06,4.341347034594767e-05,67807,0,2009,0,0,0,0,0,4,12of12inf
13751,COLLABORATE,13752,57370,2.5120930827672807e-06,1.5626533477176404e-06,1.3576843405786346e-05,32051,0,2009,0,0,0,0,0,4,12of12inf
13752,COLLABORATED,13753,5262,2.3041021093814598e-07,1.654120778085401e-07,3.757638007920122e-06,4269,0,2009,0,0,0,0,0,5,12of12inf
13753,COLLABORATES,13754,2587,1.1327845224192009e-07,8.391869325481506e-08,2.9307961297640417e-06,2188,0,2009,0,0,0,0,0,4,12of12inf
13754,COLLABORATING,13755,22750,9.961672935847243e-07,6.293438196969894e-07,8.208890497681906e-06,14996,0,2009,0,0,0,0,0,5,12of12inf
13755,COLLABORATION,13756,954402,4.1790947575026296e-05,2.3875418006879108e-05,0.0001953005534938,79354,0,2009,0,0,0,0,0,5,12of12inf
13756,COLLABORATIONS,13757,274999,1.2041538882132116e-05,7.969354531130913e-06,6.511365486151229e-05,43333,0,2009,0,0,0,0,0,5,12of12inf
13757,COLLABORATIVE,13758,393716,1.723986822685729e-05,1.572979136181333e-05,0.0001258772795694,74302,0,2009,0,0,0,0,0,5,12of12inf
13760,COLLABORATOR,13761,72088,3.1565585872499173e-06,1.6081041665929008e-06,3.632046618317057e-05,14795,0,2009,0,0,0,0,0,5,12of12inf
13761,COLLABORATORS,13762,406921,1.7818083132869876e-05,9.94216802914465e-06,0.0001004042464884,36495,0,2009,0,0,0,0,0,5,12of12inf
14437,COMPLIMENT,14438,7128,3.121178227987655e-07,4.718013130318337e-07,1.004639967351967e-05,6186,0,2009,0,0,0,0,0,3,12of12inf
14439,COMPLIMENTARY,14440,35940,1.5737253859971426e-06,1.7573266879762694e-06,2.448118571952889e-05,19524,0,2009,0,0,0,0,0,5,12of12inf
14440,COMPLIMENTED,14441,1391,6.090851452203743e-08,7.538125277408183e-08,3.42214903735004e-06,1291,0,2009,0,0,0,0,0,4,12of12inf
14441,COMPLIMENTING,14442,424,1.85659310980186e-08,2.9598186424743733e-08,2.466071527062764e-06,365,0,2009,0,0,0,0,0,4,12of12inf
14442,COMPLIMENTS,14443,1892,8.284608876757358e-08,1.1700031066619625e-07,4.391736139685607e-06,1705,0,2009,0,0,0,0,0,3,12of12inf
14673,CONCLUSIVE,14674,455656,1.9952070519808405e-05,8.365769886736472e-06,3.866998986955923e-05,132060,0,2009,0,0,0,0,0,3,12of12inf
14674,CONCLUSIVELY,14675,140796,6.165115176595818e-06,2.124893715747286e-06,1.3372214227089452e-05,56491,0,2009,0,0,0,0,0,4,12of12inf
14791,CONDUCIVE,14792,14575,6.382038814943894e-07,5.505711919073666e-07,7.778052482474549e-06,12414,0,2009,0,0,0,0,0,3,12of12inf
14878,CONFIDENT,14879,40072,1.7546556390561352e-06,2.7060241855951334e-06,2.620480212256735e-05,31680,0,2009,0,0,0,0,0,3,12of12inf
15371,CONSTRUCTIVE,15372,129964,5.690808182129456e-06,3.265250523599129e-06,3.111877329176888e-05,46695,0,2009,0,0,0,0,0,3,12of12inf
15372,CONSTRUCTIVELY,15373,42715,1.8703861954053408e-06,7.849247211176485e-07,1.5045210932907413e-05,12890,0,2009,0,0,0,0,0,4,12of12inf
16559,COURTEOUS,16560,3189,1.3963857139523894e-07,8.850067296686363e-08,2.631985697310873e-06,2600,0,2009,0,0,0,0,0,3,12of12inf
16930,CREATIVE,16931,120135,5.260420123727511e-06,5.386111415733604e-06,6.93021384142625e-05,43661,0,2009,0,0,0,0,0,3,12of12inf
16931,CREATIVELY,16932,1565,6.852755228396018e-08,6.971757644304901e-08,3.276446324250532e-06,1372,0,2009,0,0,0,0,0,4,12of12inf
16932,CREATIVENESS,16933,36,1.5763526403978054e-09,2.5679450708000116e-09,5.263106448730662e-07,33,0,2009,0,0,0,0,0,4,12of12inf
16936,CREATIVITY,16937,9625,4.214553934396911e-07,3.569817235868828e-07,9.509479827392008e-06,7351,0,2009,0,0,0,0,0,5,12of12inf
19297,DELIGHT,19298,3353,1.4681973342371785e-07,1.2914764182630106e-07,7.325338548204551e-06,1471,0,2009,0,0,0,0,0,2,12of12inf
19298,DELIGHTED,19299,2501,1.0951272093430314e-07,8.873807581430198e-08,3.331060452092089e-06,2060,0,2009,0,0,0,0,0,3,12of12inf
19300,DELIGHTFUL,19301,243,1.0640380322685189e-08,9.487058002861551e-09,1.1475265467956358e-06,162,0,2009,0,0,0,0,0,3,12of12inf
19301,DELIGHTFULLY,19302,18,7.881763201989027e-10,1.3466491462432404e-09,4.4194626114240593e-07,18,0,2009,0,0,0,0,0,4,12of12inf
19302,DELIGHTING,19303,387,1.694579088427641e-08,1.0193694071616466e-08,8.409935763151757e-07,303,0,2009,0,0,0,0,0,3,12of12inf
19303,DELIGHTS,19304,585,2.5615730406464343e-08,2.5234990974358752e-08,3.3263088686605047e-06,314,0,2009,0,0,0,0,0,2,12of12inf
19691,DEPENDABILITY,19692,4455,1.9507363924922846e-07,1.5715146500464025e-07,3.961231475338531e-06,3724,0,2009,0,0,0,0,0,6,12of12inf
19692,DEPENDABLE,19693,21815,9.55225912507726e-07,7.294301196098097e-07,1.1094783806801472e-05,14599,0,2009,0,0,0,0,0,4,12of12inf
20062,DESIRABLE,20063,397704,1.7414493069354693e-05,9.988106785007884e-06,3.748658001396255e-05,170466,0,2009,0,0,0,0,0,4,12of12inf
20067,DESIRED,20068,325432,1.4249877568609409e-05,1.2213705935517448e-05,4.058579886152866e-05,206011,0,2009,0,0,0,0,0,2,12of12inf
20115,DESPITE,20116,509168,2.229523114461305e-05,2.1968249612131143e-05,6.862543476761158e-05,269239,0,2009,0,0,0,0,0,2,12of12inf
20149,DESTINED,20150,6568,2.875967817259108e-07,2.1780728155957853e-07,6.036597177914545e-06,4249,0,2009,0,0,0,0,0,2,12of12inf
20738,DILIGENT,20739,55157,2.41519118295616e-06,1.2311327420147309e-06,1.3169131948198307e-05,29120,0,2009,0,0,0,0,0,3,12of12inf
20739,DILIGENTLY,20740,174358,7.634713713180017e-06,3.475971398578116e-06,2.113857014784371e-05,67513,0,2009,0,0,0,0,0,4,12of12inf
21948,DISTINCTION,21949,34889,1.5277046464121956e-06,1.3373894276803438e-06,1.3756824381333195e-05,25692,0,2009,0,0,0,0,0,3,12of12inf
21949,DISTINCTIONS,21950,7116,3.1159237191863293e-07,2.1250704033728357e-07,4.728313309884677e-06,5117,0,2009,0,0,0,0,0,3,12of12inf
21950,DISTINCTIVE,21951,40749,1.784299826210283e-06,1.4518939049278242e-06,1.5534294305533676e-05,26359,0,2009,0,0,0,0,0,3,12of12inf
21951,DISTINCTIVELY,21952,1194,5.2282362573193886e-08,4.4212552860075696e-08,2.382277180272119e-06,967,0,2009,0,0,0,0,0,4,12of12inf
21952,DISTINCTIVENESS,21953,1174,5.1406611106306225e-08,3.169842725751893e-08,2.210152924607861e-06,916,0,2009,0,0,0,0,0,4,12of12inf
22880,DREAM,22881,10983,4.809189180413638e-07,6.016092679177831e-07,3.343765986539987e-05,3407,0,2009,0,0,0,0,0,1,12of12inf
23586,EASIER,23587,62441,2.7341398671966494e-06,2.3087564460732662e-06,1.6981072476914528e-05,46808,0,2009,0,0,0,0,0,3,12of12inf
23588,EASILY,23589,123636,5.413720418006197e-06,4.680748717361545e-06,2.646812315227209e-05,81694,0,2009,0,0,0,0,0,3,12of12inf
23604,EASY,23605,111923,4.900836571423434e-06,4.5869892685262894e-06,4.838747677843823e-05,58476,0,2009,0,0,0,0,0,2,12of12inf
23821,EFFECTIVE,23822,19204948,0.000840938069125,0.0007540994995447,0.0005752334128077,1014579,0,-2020,0,0,0,0,0,3,12of12inf
23856,EFFICIENCIES,23857,400807,1.7550365909442313e-05,2.009561047996798e-05,7.379809651358e-05,205663,0,2009,0,0,0,0,0,4,12of12inf
23857,EFFICIENCY,23858,755872,3.309780063896584e-05,2.587968811179281e-05,9.06399182108272e-05,244754,0,2009,0,0,0,0,0,4,12of12inf
23858,EFFICIENT,23859,460317,2.0156164399166574e-05,1.6906731804048793e-05,5.504405677434129e-05,228901,0,2009,0,0,0,0,0,3,12of12inf
23859,EFFICIENTLY,23860,222561,9.745406111099336e-06,7.527512811010572e-06,2.9737734351787997e-05,138277,0,2009,0,0,0,0,0,4,12of12inf
24542,EMPOWER,24543,22578,9.886358309694903e-07,6.729580407949481e-07,1.4808267055418718e-05,14043,0,2009,0,0,0,0,0,3,12of12inf
24543,EMPOWERED,24544,83686,3.664406862898077e-06,2.1166117207821137e-06,1.88730610795288e-05,50705,0,2009,0,0,0,0,0,3,12of12inf
24544,EMPOWERING,24545,8003,3.504319494751011e-07,2.5514064228402184e-07,5.660447221493462e-06,6417,0,2009,0,0,0,0,0,4,12of12inf
24547,EMPOWERS,24548,15832,6.932448611882794e-07,4.108291776034474e-07,6.484601777862853e-06,11475,0,2009,0,0,0,0,0,3,12of12inf
24585,ENABLE,24586,1130417,4.949821729723796e-05,4.153077515893751e-05,0.0001068350764824,406414,0,2009,0,0,0,0,0,3,12of12inf
24586,ENABLED,24587,191215,8.37284083704629e-06,7.610247957800272e-06,4.377947536383112e-05,103225,0,2009,0,0,0,0,0,2,12of12inf
24590,ENABLES,24591,352395,1.543052190869402e-05,1.1888481570957225e-05,4.292569320409828e-05,173759,0,2009,0,0,0,0,0,3,12of12inf
24591,ENABLING,24592,234952,1.028797793240959e-05,8.029768847279767e-06,3.776676052587806e-05,131923,0,2009,0,0,0,0,0,3,12of12inf
24696,ENCOURAGED,24697,122881,5.380660800131188e-06,6.620151417931074e-06,3.589837012642937e-05,86054,0,2009,0,0,0,0,0,3,12of12inf
24697,ENCOURAGEMENT,24698,9204,4.030208250617057e-07,3.1092505268157225e-07,7.328493723505246e-06,5852,0,2009,0,0,0,0,0,4,12of12inf
24699,ENCOURAGES,24700,60799,2.662240671765172e-06,3.0669148106800234e-06,2.178752031092745e-05,50145,0,2009,0,0,0,0,0,4,12of12inf
24700,ENCOURAGING,24701,58979,2.5825472882783937e-06,2.2932074411203025e-06,1.8308347212885747e-05,44401,0,2009,0,0,0,0,0,4,12of12inf
24926,ENHANCE,24927,860013,3.765788231462328e-05,3.467056971327145e-05,8.279147158869683e-05,360787,0,2009,0,0,0,0,0,2,12of12inf
24927,ENHANCED,24928,689726,3.020142781252825e-05,2.7015762121873343e-05,0.0001137500765557,287512,0,2009,0,0,0,0,0,2,12of12inf
24928,ENHANCEMENT,24929,364677,1.596832088450974e-05,1.5243976616550393e-05,8.635105580552664e-05,132006,0,2009,0,0,0,0,0,4,12of12inf
24929,ENHANCEMENTS,24930,456522,1.998999055832464e-05,1.9056900926053105e-05,7.76379361987796e-05,180503,0,2009,0,0,0,0,0,4,12of12inf
24932,ENHANCES,24933,95329,4.174225579346734e-06,3.5808186049080475e-06,1.958192231786072e-05,71765,0,2009,0,0,0,0,0,3,12of12inf
24933,ENHANCING,24934,199320,8.727739119002518e-06,7.487164344120614e-06,3.4367271960023245e-05,127924,0,2009,0,0,0,0,0,3,12of12inf
24947,ENJOY,24948,93781,4.106442415809628e-06,2.8902914274313973e-06,1.947902181352712e-05,62950,0,2009,0,0,0,0,0,2,12of12inf
24948,ENJOYABLE,24949,3485,1.5259969310517645e-07,1.382531427344944e-07,4.0870132409620056e-06,2756,0,2009,0,0,0,0,0,4,12of12inf
24949,ENJOYABLY,24950,38,1.6639277870865724e-09,1.683523933798987e-09,3.573903389395041e-07,32,0,2009,0,0,0,0,0,4,12of12inf
24950,ENJOYED,24951,47043,2.0598988128398326e-06,1.594047634450334e-06,1.8180893993470837e-05,29012,0,2009,0,0,0,0,0,2,12of12inf
24951,ENJOYING,24952,6005,2.629443779330229e-07,2.695156102132182e-07,6.757329404678561e-06,4822,0,2009,0,0,0,0,0,4,12of12inf
24952,ENJOYMENT,24953,61177,2.678792374489349e-06,1.0445317509568168e-06,1.0715470143164012e-05,22840,0,2009,0,0,0,0,0,3,12of12inf
24954,ENJOYS,24955,21215,9.289533685010956e-07,7.694850669229689e-07,1.0420968817090058e-05,16720,0,2009,0,0,0,0,0,2,12of12inf
25142,ENTHUSIASM,25143,4905,2.1477804725420105e-07,2.2149414173470978e-07,6.592728436175858e-06,4108,0,2009,0,0,0,0,0,5,12of12inf
25145,ENTHUSIASTIC,25146,2864,1.2540761005831432e-07,1.380134034714547e-07,4.515072203935376e-06,2529,0,2009,0,0,0,0,0,5,12of12inf
25146,ENTHUSIASTICALLY,25147,603,2.6403906726663245e-08,3.4818897907149244e-08,2.431686120209615e-06,579,0,2009,0,0,0,0,0,7,12of12inf
26102,EXCELLENCE,26103,72327,3.1670238172792246e-06,2.1361067695987427e-06,2.2023442421255443e-05,37010,0,2009,0,0,0,0,0,3,12of12inf
26106,EXCELLENT,26107,98337,4.30593859996664e-06,4.372396389158655e-06,3.0362844481076903e-05,62601,0,2009,0,0,0,0,0,3,12of12inf
26108,EXCELLING,26109,219,9.589478562419985e-09,7.998906978095893e-09,9.554707137631089e-07,196,0,2009,0,0,0,0,0,3,12of12inf
26109,EXCELS,26110,641,2.8067834513749822e-08,2.6740793813178623e-08,2.1928987596619127e-06,540,0,2009,0,0,0,0,0,2,12of12inf
26117,EXCEPTIONAL,26118,60992,2.6706916734206377e-06,2.1379313379004667e-06,2.2074394113981893e-05,38612,0,2009,0,0,0,0,0,4,12of12inf
26118,EXCEPTIONALLY,26119,10942,4.791236275342442e-07,5.451916161591621e-07,1.0555208843454743e-05,8937,0,2009,0,0,0,0,0,5,12of12inf
26156,EXCITED,26157,7646,3.3479978579115616e-07,3.206290133745352e-07,7.041472521817473e-06,6059,0,2009,0,0,0,0,0,3,12of12inf
26158,EXCITEMENT,26159,5688,2.490637171828533e-07,2.1498867750395722e-07,6.365396767544836e-06,4424,0,2009,0,0,0,0,0,3,12of12inf
26163,EXCITING,26164,14917,6.531792315781685e-07,7.121233833069349e-07,1.1344134500254525e-05,10944,0,2009,0,0,0,0,0,3,12of12inf
26181,EXCLUSIVE,26182,2314682,0.0001013543078439,8.048696732852292e-05,0.0001893669418926,456448,0,2009,0,0,0,0,0,3,12of12inf
26182,EXCLUSIVELY,26183,415437,1.8190978107470645e-05,1.3757819790200708e-05,5.018527404913413e-05,197280,0,2009,0,0,0,0,0,4,12of12inf
26183,EXCLUSIVENESS,26184,308,1.3486572590070117e-08,6.9451189994352675e-09,7.155345484495629e-07,232,0,2009,0,0,0,0,0,4,12of12inf
26185,EXCLUSIVES,26186,1014,4.4400599371204867e-08,4.0000515073912925e-08,4.283588815600199e-06,554,0,2009,0,0,0,0,0,3,12of12inf
26187,EXCLUSIVITY,26188,300061,1.3138943045289054e-05,6.822851005012852e-06,4.916838606496542e-05,63343,0,2009,0,0,0,0,0,5,12of12inf
26271,EXEMPLARY,26272,54190,2.372848599532141e-06,1.6006226074201331e-06,1.727171294361943e-05,31283,0,2009,0,0,0,0,0,4,12of12inf
27251,FANTASTIC,27252,2543,1.1135179901476721e-07,1.1714638360170479e-07,8.312639619899046e-06,854,0,2009,0,0,0,0,0,3,12of12inf
27468,FAVORABLE,27469,2139165,9.36688443332381e-05,8.154769928586753e-05,0.0001675290098036,524285,0,2009,0,0,0,0,0,4,12of12inf
27469,FAVORABLY,27470,210121,9.200688698695203e-06,9.60641793166694e-06,4.65585119942276e-05,127089,0,2009,0,0,0,0,0,4,12of12inf
27470,FAVORED,27471,33334,1.4596149698616794e-06,1.0410794043899423e-06,1.3959249695634049e-05,22005,0,2009,0,0,0,0,0,2,12of12inf
27471,FAVORING,27472,17942,7.856366409449285e-07,5.192757054965212e-07,7.69117717778289e-06,14880,0,2009,0,0,0,0,0,3,12of12inf
27472,FAVORITE,27473,8012,3.5082603763520054e-07,4.07906744872131e-07,1.2262513269840637e-05,4933,0,2009,0,0,0,0,0,3,12of12inf
27473,FAVORITES,27474,2151,9.418707026376889e-08,8.157228693475119e-08,3.627689218063153e-06,1433,0,2009,0,0,0,0,0,3,12of12inf
30088,FRIENDLY,30089,77010,3.3720810232509726e-06,3.538177221559912e-06,3.389288690773281e-05,44838,0,2009,0,0,0,0,0,2,12of12inf
30678,GAIN,30679,7310039,0.0003200888688628,0.0003603552543765,0.0005698268914841,777904,0,2009,0,0,0,0,0,1,12of12inf
30679,GAINED,30680,113609,4.974662420082064e-06,4.414772770128688e-06,3.5200301807159134e-05,63780,0,2009,0,0,0,0,0,1,12of12inf
30684,GAINING,30685,61663,2.700073135134719e-06,2.412226654451805e-06,1.851790588493e-05,48303,0,2009,0,0,0,0,0,2,12of12inf
30685,GAINS,30686,6288334,0.0002753508862389,0.0002649664872341,0.0005256983228033,644858,0,2009,0,0,0,0,0,1,12of12inf
32115,GOOD,32116,3853198,0.0001687221900354,9.114192493779614e-05,0.0001895912770121,470947,0,2009,0,0,0,0,0,1,12of12inf
32586,GREAT,32587,354765,1.553429845752021e-05,1.5533197404684598e-05,0.000170460373273,126722,0,-2020,0,0,0,0,0,1,12of12inf
32589,GREATER,32590,4280355,0.0001874263585024,0.0001547483450236,0.0001976057114512,722367,0,-2020,0,0,0,0,0,2,12of12inf
32590,GREATEST,32591,161617,7.076816241199227e-06,5.5505354001891375e-06,2.832738133069777e-05,102637,0,2009,0,0,0,0,0,2,12of12inf
32592,GREATLY,32593,116127,5.084919529763222e-06,5.896836660327755e-06,3.078965577267736e-05,92688,0,2009,0,0,0,0,0,2,12of12inf
32593,GREATNESS,32594,276,1.2085370243049845e-08,1.0879197752115278e-08,1.6453995017877497e-06,151,0,2009,0,0,0,0,0,2,12of12inf
33774,HAPPIEST,33775,88,3.853306454305747e-09,3.206138180555137e-09,5.347304492038606e-07,62,0,2009,0,0,0,0,0,2,12of12inf
33775,HAPPILY,33776,316,1.3836873176825185e-08,3.215063515100691e-08,8.375582992593126e-06,135,0,2009,0,0,0,0,0,3,12of12inf
33776,HAPPINESS,33777,1054,4.61521023049802e-08,4.5545536117698286e-08,6.159409764343927e-06,485,0,2009,0,0,0,0,0,3,12of12inf
33778,HAPPY,33779,7885,3.4526501582046384e-07,3.614051577205254e-07,1.3347722331850766e-05,4383,0,2009,0,0,0,0,0,2,12of12inf
34849,HIGHEST,34850,771237,3.377059670340229e-05,2.528530354919396e-05,7.00572389692223e-05,300485,0,2009,0,0,2009,0,0,2,12of12inf
35394,HONOR,35395,129876,5.68695487567515e-06,3.559943715954922e-06,2.60101621659509e-05,70408,0,2009,0,0,0,0,0,2,12of12inf
35395,HONORABLE,35396,9801,4.291620063483026e-07,4.368807524145581e-07,1.1964609532761212e-05,5078,0,-2020,0,0,0,0,0,4,12of12inf
35404,HONORED,35405,40067,1.7544367011894132e-06,9.337813907719532e-07,1.1448381251421122e-05,22709,0,2009,0,0,0,0,0,2,12of12inf
35411,HONORING,35412,12719,5.569341453672137e-07,2.743224022502671e-07,5.391509569607197e-06,8484,0,2009,0,0,0,0,0,3,12of12inf
35412,HONORS,35413,19725,8.637098842179644e-07,7.867769857920818e-07,1.1490293890253366e-05,14978,0,2009,0,0,0,0,0,2,12of12inf
36466,IDEAL,36470,32782,1.4354442293755796e-06,1.4317257666219552e-06,2.915434500580027e-05,19463,0,2009,0,0,0,0,0,3,12of12inf
37215,IMPRESS,37219,2090,9.15160282897615e-08,7.867843287341125e-08,1.3927355704660451e-05,763,0,2009,0,0,0,0,0,2,12of12inf
37216,IMPRESSED,37220,13471,5.8986240052219e-07,3.373878083364344e-07,6.099352971813265e-06,9999,0,2009,0,0,0,0,0,2,12of12inf
37217,IMPRESSES,37221,32,1.4012023470202715e-09,1.8297741651569462e-09,5.495914785665736e-07,31,0,2009,0,0,0,0,0,3,12of12inf
37221,IMPRESSING,37225,288,1.2610821123182444e-08,1.0970652544670605e-08,9.925402858822654e-07,273,0,2009,0,0,0,0,0,3,12of12inf
37232,IMPRESSIVE,37236,5513,2.414008918475862e-07,3.015985251881608e-07,1.0466510457425e-05,4633,0,2009,0,0,0,0,0,3,12of12inf
37233,IMPRESSIVELY,37237,253,1.1078256056129024e-08,9.672112317167604e-09,1.0578171911165677e-06,195,0,2009,0,0,0,0,0,4,12of12inf
37262,IMPROVE,37266,1404892,6.151681149093761e-05,6.119696520591572e-05,0.000118221753738,480452,0,2009,0,0,0,0,0,2,12of12inf
37263,IMPROVED,37267,1223493,5.357378947383979e-05,6.7871405250811e-05,0.0001814701611565,417356,0,2009,0,0,0,0,0,2,12of12inf
37264,IMPROVEMENT,37268,1305656,5.717150786253437e-05,6.0368973911620745e-05,0.0001630114291071,404607,0,2009,0,0,0,0,0,3,12of12inf
37265,IMPROVEMENTS,37269,3354508,0.0001468857650843,0.0001455085951329,0.0003372891322178,601101,0,2009,0,0,0,0,0,4,12of12inf
37266,IMPROVES,37270,89679,3.926825789950967e-06,4.085438882174313e-06,2.553229950770292e-05,65318,0,2009,0,0,0,0,0,2,12of12inf
37271,IMPROVING,37275,431077,1.88758157545768e-05,1.892564550870046e-05,5.801809067721266e-05,239038,0,2009,0,0,0,0,0,3,12of12inf
37694,INCREDIBLE,37698,2900,1.2698396269871212e-07,1.473682164560051e-07,1.1018508337072324e-05,1446,0,2009,0,0,0,0,0,4,12of12inf
37695,INCREDIBLY,37699,845,3.700049947600405e-08,3.331619356644412e-08,1.8576291885483691e-06,752,0,2009,0,0,0,0,0,4,12of12inf
38308,INFLUENTIAL,38312,7449,3.261736338423126e-07,2.625316263063816e-07,5.156387825942026e-06,6342,0,2009,0,0,0,0,0,4,12of12inf
38333,INFORMATIVE,38337,8747,3.830099040433224e-07,4.32876623715074e-07,9.573627530931522e-06,7380,0,2009,0,0,0,0,0,4,12of12inf
38388,INGENUITY,38392,1708,7.4789175272207e-08,5.364468523793843e-08,2.9793642589799807e-06,1121,0,2009,0,0,0,0,0,5,12of12inf
38603,INNOVATE,38607,27185,1.1903651813670652e-06,7.567696996584351e-07,1.2637898231239863e-05,17825,0,2009,0,0,0,0,0,3,12of12inf
38604,INNOVATED,38608,558,2.4433465926165992e-08,2.1098772574673165e-08,1.4011227966725466e-06,447,0,2009,0,0,0,0,0,4,12of12inf
38605,INNOVATES,38609,430,1.88286565380849e-08,1.4127660065858033e-08,1.4487665183298972e-06,252,0,2009,0,0,0,0,0,3,12of12inf
38606,INNOVATING,38610,3552,1.5553346051925017e-07,1.0314706084758978e-07,2.851276464783762e-06,2888,0,2009,0,0,0,0,0,4,12of12inf
38607,INNOVATION,38611,245100,1.0732334226708394e-05,7.543001785495795e-06,4.64329214275625e-05,105076,0,2009,0,0,0,0,0,4,12of12inf
38608,INNOVATIONS,38612,159235,6.9725142414929055e-06,5.955925150686434e-06,5.93559134240124e-05,89369,0,2009,0,0,0,0,0,4,12of12inf
38609,INNOVATIVE,38613,324109,1.4191946609074788e-05,1.2519598875104907e-05,6.079200651121096e-05,146167,0,2009,0,0,0,0,0,4,12of12inf
38611,INNOVATIVENESS,38615,610,2.6710419740073928e-08,1.7301643033450622e-08,1.060370582190577e-06,514,0,2011,0,0,0,0,0,5,10K_2010
38612,INNOVATOR,38616,24474,1.0716570700304417e-06,7.007105863077795e-07,1.5434437788139218e-05,11968,0,2009,0,0,0,0,0,4,12of12inf
38613,INNOVATORS,38617,3821,1.6731231774888933e-07,1.348462900433274e-07,5.8381000878091215e-06,2506,0,2009,0,0,0,0,0,4,12of12inf
38761,INSIGHTFUL,38765,1421,6.222214172236895e-08,4.9999729937307516e-08,7.315314842866538e-06,988,0,2009,0,0,0,0,0,3,12of12inf
38835,INSPIRATION,38839,3782,1.6560460238845838e-07,1.3965627781025884e-07,8.390706373364389e-06,2030,0,2009,0,0,0,0,0,4,12of12inf
38836,INSPIRATIONAL,38840,2071,9.06840643962182e-08,1.1301742511464456e-07,7.704615112483548e-06,922,0,2009,0,0,0,0,0,5,12of12inf
39032,INTEGRITY,39036,325744,1.4263539291492857e-05,1.0990939649179615e-05,6.402909874032392e-05,143575,0,2009,0,0,0,0,0,4,12of12inf
39675,INVENT,39679,15685,6.86808087906655e-07,3.703526114477383e-07,6.818122895611359e-06,10838,0,2009,0,0,0,0,0,2,12of12inf
39676,INVENTED,39680,20760,9.090300226294012e-07,7.008455334836904e-07,1.02078221015745e-05,12457,0,2009,0,0,0,0,0,3,12of12inf
39677,INVENTING,39681,1666,7.29500971917429e-08,5.7690967358315864e-08,3.092247560538814e-06,1158,0,2009,0,0,0,0,0,3,12of12inf
39678,INVENTION,39682,197810,8.661619883252498e-06,4.992596501955737e-06,4.571272378568458e-05,55365,0,2009,0,0,0,0,0,3,12of12inf
39679,INVENTIONS,39683,436536,1.9114852117463792e-05,1.0515435457447765e-05,6.953602465829332e-05,91560,0,2009,0,0,0,0,0,3,12of12inf
39680,INVENTIVE,39684,4290,1.8784868964740522e-07,1.4086735776810333e-07,4.116828108087883e-06,3155,0,2009,0,0,0,0,0,3,12of12inf
39682,INVENTIVENESS,39686,361,1.580731397732244e-08,1.1325386894841127e-08,8.57567318291368e-07,326,0,2009,0,0,0,0,0,4,12of12inf
39684,INVENTOR,39688,48115,2.106839091465012e-06,1.9945486043073563e-06,3.1959134637591376e-05,20362,0,2009,0,0,0,0,0,3,12of12inf
39688,INVENTORS,39692,26882,1.177097546643717e-06,9.907601294799346e-07,2.4729434681015977e-05,11602,0,2009,0,0,0,0,0,3,12of12inf
42082,LEADERSHIP,42086,292187,1.279415969277538e-05,8.82872078286707e-06,4.811891120436246e-05,120102,0,2009,0,0,0,0,0,3,12of12inf
42085,LEADING,42089,952155,4.169255689772146e-05,3.468492104260856e-05,8.536250988529978e-05,330123,0,2009,0,0,0,0,0,2,12of12inf
43693,LOYAL,43697,20599,9.019802233209555e-07,8.186012237260353e-07,1.5308257638168754e-05,14296,0,2009,0,0,0,0,0,2,12of12inf
43749,LUCRATIVE,43753,6787,2.971862602883308e-07,3.828128927560916e-07,9.2072876813175e-06,5925,0,2009,0,0,0,0,0,3,12of12inf
45729,MERITORIOUS,45733,90640,3.96890564793492e-06,4.647708815011024e-06,3.6155820039269584e-05,47602,0,2009,0,0,0,0,0,5,12of12inf
51700,OPPORTUNITIES,51704,2206978,9.66382110444408e-05,0.0001064802250388,0.0002352630788825,568726,0,2009,0,0,0,0,0,5,12of12inf
51701,OPPORTUNITY,51705,1569143,6.870896420032594e-05,6.763960488097886e-05,0.0002506484995255,425518,0,2009,0,0,0,0,0,5,12of12inf
51743,OPTIMISTIC,51747,31879,1.3959040506456012e-06,2.175506123430499e-06,2.207402655987072e-05,26212,0,2009,0,0,0,0,0,4,12of12inf
52277,OUTPERFORM,52281,17514,7.668955595535324e-07,6.740863223550823e-07,1.0824682178170969e-05,9955,0,2009,0,0,0,0,0,3,12of12inf
52279,OUTPERFORMED,52283,8141,3.56474634596626e-07,3.188098254557304e-07,8.969546539090282e-06,4750,0,2009,0,0,0,0,0,3,12of12inf
52282,OUTPERFORMING,52286,3045,1.3333316083364773e-07,1.0641081949795025e-07,4.030278830247046e-06,2141,0,2009,0,0,0,0,0,4,12of12inf
52283,OUTPERFORMS,52287,716,3.135190251457858e-08,2.408135547937768e-08,2.0977486460788007e-06,381,0,2009,0,0,0,0,0,3,12of12inf
54779,PERFECT,54783,210344,9.210453327551e-06,4.03313174215953e-06,4.095592340686127e-05,65148,0,2009,0,0,0,0,0,2,12of12inf
54782,PERFECTED,54786,203018,8.889665565230047e-06,3.2893141103476064e-06,2.276148921163581e-05,48898,0,2009,0,0,0,0,0,3,12of12inf
54795,PERFECTLY,54799,14056,6.154781309286544e-07,5.369194100904196e-07,1.2064707668137772e-05,10755,0,2009,0,0,0,0,0,3,12of12inf
54798,PERFECTS,54802,1144,5.009298390597472e-08,2.6316710885454296e-08,1.754569341565724e-06,852,0,2009,0,0,0,0,0,2,12of12inf
56366,PLEASANT,56370,31393,1.374623290000231e-06,1.2921539446782482e-06,2.9775539244808232e-05,10800,0,2009,0,0,0,0,0,2,12of12inf
56369,PLEASANTLY,56373,132,5.779959681458621e-09,7.678894357313177e-09,1.3042760027758162e-06,121,0,2009,0,0,0,0,0,3,12of12inf
56375,PLEASED,56379,39528,1.7308351991567906e-06,1.8901984129816687e-06,2.237196571709777e-05,26970,0,2009,0,0,0,0,0,1,12of12inf
56381,PLEASURE,56385,58760,2.572957809715974e-06,2.2252913464790016e-06,2.521577727012011e-05,39332,0,2009,0,0,0,0,0,2,12of12inf
56417,PLENTIFUL,56421,2608,1.1419799128215218e-07,1.1699949897451358e-07,4.0327724554936045e-06,2207,0,2009,0,0,0,0,0,3,12of12inf
57025,POPULAR,57029,103892,4.54917856989469e-06,4.289289125386957e-06,4.149321781194508e-05,52235,0,2009,0,0,0,0,0,3,12of12inf
57027,POPULARITY,57031,52189,2.28522966527003e-06,2.190324313301083e-06,1.935977815788946e-05,31790,0,2009,0,0,0,0,0,5,12of12inf
57180,POSITIVE,57184,1217623,5.331675641830826e-05,5.645030665889018e-05,0.0001349880113666,428898,0,2009,0,0,0,0,0,3,12of12inf
57181,POSITIVELY,57185,161094,7.053915340340114e-06,7.475086981551438e-06,3.87536015717016e-05,98782,0,2009,0,0,0,0,0,4,12of12inf
57777,PREEMINENCE,57781,184,8.056913495366562e-09,9.261648375266354e-09,1.3570875151116964e-06,167,0,2009,0,0,0,0,0,4,12of12inf
57779,PREEMINENT,57783,4105,1.7974798857869425e-07,1.5525434443776346e-07,4.686461827507832e-06,3301,0,2009,0,0,0,0,0,4,12of12inf
57925,PREMIER,57929,152640,6.683735195286696e-06,6.650335379468357e-06,0.0001207728193571,46575,0,2009,0,0,0,0,0,2,12of12inf
57926,PREMIERE,57930,16593,7.265672045033553e-07,7.960368185744092e-07,3.3909801732790843e-05,4921,0,2009,0,0,0,0,0,2,12of12inf
58193,PRESTIGE,58197,30041,1.3154224908386244e-06,1.3538615737343798e-06,5.492255011633424e-05,6042,0,2009,0,0,0,0,0,2,12of12inf
58195,PRESTIGIOUS,58199,9102,3.9855449258057853e-07,4.036316392080939e-07,7.446207488239507e-06,7459,0,2009,0,0,0,0,0,3,12of12inf
58519,PROACTIVE,58523,42675,1.868634692471565e-06,1.5978753985210228e-06,2.7159987860472204e-05,28358,0,2009,0,0,0,0,0,3,12of12inf
58520,PROACTIVELY,58524,34141,1.4949515415505968e-06,1.0551970615844209e-06,9.677069319410987e-06,26160,0,2009,0,0,0,0,0,3,10K_2008
58688,PROFICIENCY,58692,11865,5.195395577311101e-07,3.8325405904313314e-07,8.506503658391424e-06,7264,0,2009,0,0,0,0,0,4,12of12inf
58689,PROFICIENT,58693,8628,3.7779918281534084e-07,2.908655987851052e-07,9.973998564218856e-06,5336,0,2009,0,0,0,0,0,3,12of12inf
58690,PROFICIENTLY,58694,126,5.517234241392321e-09,2.767037298022271e-09,3.254752195712341e-07,112,0,2009,0,0,0,0,0,4,12of12inf
58700,PROFITABILITY,58704,1806320,7.909436948342679e-05,7.540970190533772e-05,0.0001441990447644,493824,0,2009,0,0,0,0,0,6,12of12inf
58701,PROFITABLE,58705,745335,3.263641097863607e-05,4.917607826183907e-05,0.0001439338971079,328317,0,2009,0,0,0,0,0,4,12of12inf
58702,PROFITABLY,58706,129728,5.680474314820182e-06,5.918806455187899e-06,3.3758382991508026e-05,87523,0,2009,0,0,0,0,0,4,12of12inf
58775,PROGRESS,58779,1219169,5.3384452006698674e-05,4.9124225437926864e-05,0.0001851950018677,360600,0,2009,0,0,0,0,0,2,12of12inf
58776,PROGRESSED,58780,26638,1.1664133787476874e-06,9.848182295307191e-07,1.2008976479551351e-05,19383,0,2009,0,0,0,0,0,2,12of12inf
58777,PROGRESSES,58781,38644,1.6921269843203556e-06,1.654603320138907e-06,1.620941667538251e-05,28136,0,2009,0,0,0,0,0,3,12of12inf
58778,PROGRESSING,58782,16129,7.062497704715613e-07,7.718497350890045e-07,1.2276837445482276e-05,12251,0,2009,0,0,0,0,0,3,12of12inf
59117,PROSPERED,59121,302,1.3223847150003817e-08,1.3102549838518476e-08,1.1586133843571735e-06,286,0,2009,0,0,0,0,0,2,12of12inf
59118,PROSPERING,59122,131,5.7361721081142385e-09,8.724738561791172e-09,1.2682613730077018e-06,123,0,2009,0,0,0,0,0,3,12of12inf
59120,PROSPERITY,59124,11062,4.843781363355702e-07,4.39417520526668e-07,1.6694413350952502e-05,5573,0,2009,0,0,0,0,0,4,12of12inf
59121,PROSPEROUS,59125,1805,7.90365698866122e-08,9.050018431081333e-08,7.197184295882224e-06,1183,0,2009,0,0,0,0,0,3,12of12inf
59123,PROSPERS,59127,158,6.9184365884125915e-09,4.646730977857859e-09,5.406289810892447e-07,146,0,2009,0,0,0,0,0,2,12of12inf
61408,REBOUND,61412,16056,7.030532776174213e-07,8.831374702547152e-07,2.201596068927594e-05,11716,0,2009,0,0,0,0,0,2,12of12inf
61409,REBOUNDED,61413,8414,3.684286421196427e-07,4.943098118723001e-07,1.0448298686554066e-05,6831,0,2009,0,0,0,0,0,3,12of12inf
61410,REBOUNDING,61414,2259,9.891612818496233e-08,1.117723193023649e-07,4.027274211564051e-06,1960,0,2009,0,0,0,0,0,3,12of12inf
61536,RECEPTIVE,61540,7981,3.494686228615246e-07,3.488697896242422e-07,6.923163783068307e-06,6937,0,2009,0,0,0,0,0,3,12of12inf
62584,REGAIN,62588,51034,2.234655018057267e-06,2.07272666253302e-06,2.358176662898159e-05,22788,0,2009,0,0,0,0,0,2,12of12inf
62585,REGAINED,62589,11931,5.224295375718394e-07,4.806499878261708e-07,8.631232037115648e-06,7991,0,2009,0,0,0,0,0,2,12of12inf
62586,REGAINING,62590,3715,1.6267083497438466e-07,1.5672866021243058e-07,4.901932000860303e-06,2798,0,2009,0,0,0,0,0,3,12of12inf
64036,RESOLVE,64040,487913,2.136452627317818e-05,1.80921190681979e-05,6.637611668633547e-05,209464,0,2009,0,0,0,0,0,2,12of12inf
64724,REVOLUTIONIZE,64728,2330,1.0202504589241355e-07,1.3249662101072256e-07,4.856061105895464e-06,1916,0,2009,0,0,0,0,0,5,12of12inf
64725,REVOLUTIONIZED,64729,1279,5.600430630746648e-08,4.4109098132758226e-08,1.8593520929511212e-06,1167,0,2009,0,0,0,0,0,5,12of12inf
64726,REVOLUTIONIZES,64730,245,1.0727955469373956e-08,1.1848018683971058e-08,1.1543186895447267e-06,206,0,2009,0,0,0,0,0,6,12of12inf
64727,REVOLUTIONIZING,64731,1012,4.431302422451609e-08,4.1384700589285057e-08,1.962579015029463e-06,914,0,2009,0,0,0,0,0,6,12of12inf
64743,REWARD,64747,124421,5.448093663081538e-06,3.900603318903435e-06,3.2201062182925515e-05,64613,0,2009,0,0,0,0,0,2,12of12inf
64744,REWARDED,64748,7294,3.193865599739332e-07,2.6355527066887254e-07,5.7280017177135645e-06,6141,0,2009,0,0,0,0,0,3,12of12inf
64745,REWARDING,64749,18204,7.971089851611571e-07,6.022236688152528e-07,7.865462074606093e-06,14571,0,2009,0,0,0,0,0,3,12of12inf
64746,REWARDS,64750,142817,6.253609862324817e-06,5.055276648570512e-06,4.452205057280696e-05,66730,0,-2020,0,0,0,0,0,2,12of12inf
66501,SATISFACTION,66505,1347562,5.9006469911104105e-05,4.18778936830358e-05,0.0001024345002457,371394,0,2009,0,0,0,0,0,4,12of12inf
66503,SATISFACTORILY,66507,54010,2.3649668363301525e-06,1.889682626278337e-06,1.8437017012956e-05,36113,0,2009,0,0,0,0,0,6,12of12inf
66504,SATISFACTORY,66508,1454100,6.367151040006803e-05,3.0965510349466225e-05,8.498118617352224e-05,280339,0,2009,0,0,0,0,0,5,12of12inf
66505,SATISFIED,66509,1219196,5.338563427117897e-05,3.3467308357338785e-05,8.292172907358732e-05,325376,0,2009,0,0,0,0,0,3,12of12inf
66506,SATISFIES,66510,151209,6.621075177830884e-06,3.746214062325008e-06,2.101906715763436e-05,81568,0,2009,0,0,0,0,0,3,12of12inf
66507,SATISFY,66511,1725186,7.554170850770357e-05,6.204560934115549e-05,0.0001188494449711,500100,0,2009,0,0,0,0,0,3,12of12inf
66508,SATISFYING,66512,149311,6.5379663636232434e-06,4.372289047392097e-06,2.511280542731791e-05,88463,0,2009,0,0,0,0,0,4,12of12inf
70527,SMOOTH,70531,27168,1.1896207926202107e-06,1.0054910520130683e-06,1.5444610349066284e-05,19164,0,2009,0,0,0,0,0,1,12of12inf
70534,SMOOTHING,70538,2591,1.1345360253529765e-07,7.271443745752737e-08,3.653644859494225e-06,1635,0,2009,0,0,0,0,0,2,12of12inf
70535,SMOOTHLY,70539,5915,2.590034963320284e-07,2.506933012646203e-07,5.792874194342923e-06,5222,0,2009,0,0,0,0,0,2,12of12inf
70538,SMOOTHS,70542,76,3.327855574173145e-09,2.72051155467241e-09,5.382598650402637e-07,71,0,2009,0,0,0,0,0,1,12of12inf
71160,SOLVES,71164,2243,9.821552701145217e-08,1.0252540960164087e-07,3.51357221603594e-06,1936,0,2009,0,0,0,0,0,1,12of12inf
71161,SOLVING,71165,15914,6.968354422025189e-07,6.829812579702087e-07,1.0399864498447168e-05,12224,0,2009,0,0,0,0,0,2,12of12inf
71693,SPECTACULAR,71697,3078,1.347781507540124e-07,1.0651092238526517e-07,6.484951065841041e-06,1217,0,2009,0,0,0,0,0,4,12of12inf
71694,SPECTACULARLY,71698,41,1.795290507119723e-09,9.206803403319203e-10,1.930544251567717e-07,41,0,2009,0,0,0,0,0,5,12of12inf
72484,STABILITY,72488,270559,1.1847122056483053e-05,9.118220699086334e-06,3.933899349215502e-05,146577,0,2009,0,0,0,0,0,4,12of12inf
72485,STABILIZATION,72489,119420,5.229112008786276e-06,3.5833185186693696e-06,3.916108332191473e-05,45643,0,2009,0,0,0,0,0,5,12of12inf
72486,STABILIZATIONS,72490,226,9.895991575830671e-09,6.991691272332783e-09,7.964078100498263e-07,172,0,2009,0,0,0,0,0,5,12of12inf
72487,STABILIZE,72491,69117,3.0264657068437537e-06,2.882830844249312e-06,2.398309145069728e-05,46464,0,2009,0,0,0,0,0,3,12of12inf
72488,STABILIZED,72492,120358,5.270184752583308e-06,4.729248408103437e-06,5.710545953434229e-05,39273,0,2009,0,0,0,0,0,3,12of12inf
72491,STABILIZES,72495,4200,1.8390780804641066e-07,1.938347705823441e-07,5.721334674714452e-06,3555,0,2009,0,0,0,0,0,4,12of12inf
72492,STABILIZING,72496,21285,9.320184986352026e-07,9.023438874405692e-07,1.3139272114072642e-05,16470,0,2009,0,0,0,0,0,4,12of12inf
72493,STABLE,72497,433180,1.896790102132004e-05,1.859893684125028e-05,7.842844913674834e-05,193453,0,2009,0,0,0,0,0,2,12of12inf
73605,STRENGTH,73609,519638,2.275368703752875e-05,1.945989679612685e-05,6.432400091623049e-05,225194,0,2009,0,0,0,0,0,1,12of12inf
73606,STRENGTHEN,73610,183858,8.05069565995166e-06,7.084599406670911e-06,3.270778686930434e-05,118104,0,2009,0,0,0,0,0,2,12of12inf
73607,STRENGTHENED,73611,75716,3.3154199033433405e-06,3.0929470247670277e-06,2.6234506161313343e-05,48221,0,2009,0,0,0,0,0,2,12of12inf
73610,STRENGTHENING,73614,178856,7.831670218083053e-06,7.284487128852482e-06,4.1338670451703415e-05,101352,0,2009,0,0,0,0,0,3,12of12inf
73611,STRENGTHENS,73615,31557,1.38180445202871e-06,1.1352230483823432e-06,1.1165598099377034e-05,24664,0,2009,0,0,0,0,0,2,12of12inf
73612,STRENGTHS,73616,93136,4.078199431002501e-06,2.8764382052378016e-06,1.910282340974995e-05,57085,0,2009,0,0,0,0,0,1,12of12inf
73736,STRONG,73740,1066502,4.669953454693168e-05,5.160320301781956e-05,0.0001464385603838,369697,0,2009,0,0,0,0,0,1,12of12inf
73739,STRONGER,73743,156889,6.8697885944269815e-06,7.86742924673657e-06,4.934782100609596e-05,94508,0,2009,0,0,0,0,0,2,12of12inf
73740,STRONGEST,73744,35423,1.5510872105780964e-06,1.6954137232654678e-06,1.7457004618524624e-05,27399,0,2009,0,0,0,0,0,2,12of12inf
74374,SUCCEED,74378,303531,1.3290885924794066e-05,1.1968007039126572e-05,4.238214342413532e-05,188155,0,2009,0,0,0,0,0,2,12of12inf
74375,SUCCEEDED,74379,39220,1.7173486265667206e-06,1.5314675308855838e-06,1.7259881862510254e-05,26755,0,2009,0,0,0,0,0,3,12of12inf
74376,SUCCEEDING,74380,483231,2.1159512854779778e-05,9.908828278574068e-06,4.302463450807756e-05,140803,0,2009,0,0,0,0,0,3,12of12inf
74377,SUCCEEDS,74381,21273,9.3149304775507e-07,5.203477085766076e-07,8.036327025292282e-06,13538,0,2009,0,0,0,0,0,2,12of12inf
74378,SUCCESS,74382,1799566,7.879862821305882e-05,7.233357778295043e-05,0.0001411763213928,468226,0,2009,0,0,0,0,0,2,12of12inf
74379,SUCCESSES,74383,12979,5.683189144367533e-07,6.012014628066748e-07,1.0229983653823875e-05,10849,0,2009,0,0,0,0,0,3,12of12inf
74380,SUCCESSFUL,74384,2235448,9.78848432575554e-05,0.0001083572182593,0.0001940322921099,563350,0,2009,0,0,0,0,0,3,12of12inf
74381,SUCCESSFULLY,74385,1805992,7.908000715936983e-05,7.246662615084777e-05,0.0001450524720972,459363,0,2009,0,0,0,0,0,4,12of12inf
74825,SUPERIOR,74829,747416,3.272753291876573e-05,2.9854404289206218e-05,0.0001523403073658,265519,0,2009,0,0,0,0,0,4,12of12inf
75064,SURPASS,75068,8454,3.70180145053418e-07,3.436136097618607e-07,6.582786193087509e-06,7202,0,2009,0,0,0,0,0,2,12of12inf
75065,SURPASSED,75069,8629,3.7784297038868513e-07,3.7805332754754076e-07,8.007291334246547e-06,7255,0,2009,0,0,0,0,0,2,12of12inf
75066,SURPASSES,75070,1816,7.951823319340042e-08,6.628727599827835e-08,3.024169934418547e-06,1525,0,2009,0,0,0,0,0,3,12of12inf
75067,SURPASSING,75071,3183,1.3937584595517265e-07,1.564402583843319e-07,5.142905871369249e-06,2744,0,2009,0,0,0,0,0,3,12of12inf
78766,TRANSPARENCY,78770,148755,6.513620472843766e-06,4.775110398416646e-06,2.345282339871972e-05,85941,0,2009,0,0,0,0,0,4,12of12inf
78969,TREMENDOUS,78973,15580,6.822103927054948e-07,8.075301310671232e-07,1.1509742432307e-05,13221,0,2009,0,0,0,0,0,3,12of12inf
78970,TREMENDOUSLY,78974,816,3.5730659849016935e-08,3.7751654620130623e-08,2.214293499758505e-06,771,0,2009,0,0,0,0,0,4,12of12inf
81520,UNMATCHED,81523,10297,4.508806427271168e-07,2.8671356418744417e-07,7.196340344190643e-06,5999,0,2009,0,0,0,0,0,2,12of12inf
81599,UNPARALLELED,81602,5435,2.379854611267243e-07,2.0976052048581482e-07,4.963030820158843e-06,4558,0,2009,0,0,2009,0,0,4,12of12inf
82030,UNSURPASSED,82033,1422,6.226592929571334e-08,6.056809707333243e-08,2.963266795193473e-06,1170,0,2009,0,0,2009,0,0,3,12of12inf
82405,UPTURN,82408,6958,3.046739353302203e-07,3.6120450869893323e-07,8.961589313848245e-06,5094,0,2009,0,0,0,0,0,2,12of12inf
82408,UPTURNS,82411,4112,1.800545015921049e-07,1.1674479634829197e-07,2.6159446346729924e-06,3540,0,2009,0,0,0,0,0,2,12of12inf
82699,VALUABLE,82702,477959,2.092866476810819e-05,1.3844762365970916e-05,4.562904903891084e-05,211604,0,2009,0,0,0,0,0,4,12of12inf
83119,VERSATILE,83122,13994,6.127633013813025e-07,5.541737117188483e-07,1.395169862855682e-05,9418,0,2009,0,0,0,0,0,3,12of12inf
83121,VERSATILITY,83124,7731,3.385217295254288e-07,2.818084925192561e-07,5.598026829779164e-06,6038,0,2009,0,0,0,0,0,5,12of12inf
83231,VIBRANCY,83234,300,1.3136272003315049e-08,8.943171880677479e-09,7.414716085072118e-07,262,0,2009,0,0,0,0,0,3,12of12inf
83232,VIBRANT,83235,6857,3.002513904224376e-07,2.70594146245928e-07,1.7919479328194753e-05,4105,0,2009,0,0,0,0,0,2,12of12inf
85283,WIN,85286,107701,4.715965436763447e-06,4.759933066194468e-06,7.675831681403605e-05,37321,0,2009,0,0,0,0,0,1,12of12inf
85405,WINNER,85408,12717,5.568465702205249e-07,6.147755295904347e-07,2.3318384107977686e-05,5482,0,2009,0,0,0,0,0,2,12of12inf
85406,WINNERS,85409,9778,4.281548921613818e-07,5.369741832597216e-07,2.952848310085309e-05,4019,0,2009,0,0,0,0,0,2,12of12inf
85407,WINNING,85410,57332,2.5104291549801944e-06,2.0310277596932098e-06,2.588283829234521e-05,29809,0,2009,0,0,0,0,0,2,12of12inf
85942,WORTHY,85945,18244,7.988604880949324e-07,8.307446564620911e-07,1.1228394537020148e-05,14523,0,2009,0,0,0,0,0,2,12of12inf
